account_number,username,password,email,birth_date,age,first_name,last_name
1,flivsey0,yCcVAbQBax9,flivsey0@blog.com,10/8/2002,,Fleming,Livsey
2,mwoolham1,V5kieW,mwoolham1@va.gov,12/26/1990,,Mariska,Woolham
3,jgerling2,5bCe8p9,jgerling2@over-blog.com,1/15/1998,,Jannelle,Gerling
4,hateggart3,ldl5SE1HEiM6,hateggart3@reddit.com,5/6/1996,,Honoria,Ateggart
5,cscough4,fdUgUAqam5j,cscough4@tiny.cc,6/29/1985,,Chen,Scough
6,mcrunkhorn5,2qwmaJWMgeg,mcrunkhorn5@soup.io,6/14/1984,,Michael,Crunkhorn
7,zquixley6,HIZHNXm1R,zquixley6@geocities.com,2/25/1987,,Zandra,Quixley
8,glerway7,HTTDyzDapSKf,glerway7@dropbox.com,3/13/1992,,Gerhardt,Lerway
9,awarland8,Wt9tsOBRqT,awarland8@illinois.edu,2/22/1998,,Annette,Warland
10,emoulster9,nJ9yXcvR5uRm,emoulster9@facebook.com,2/11/1995,,Ezra,Moulster
11,erosena,MViXXMl9,erosena@omniture.com,6/19/1998,,Elsi,Rosen
12,egrindlayb,6OakxKc,egrindlayb@admin.ch,1/26/2000,,Enrika,Grindlay
13,bspinellac,AS2Z6krLA2M,bspinellac@kickstarter.com,2/20/1986,,Bernie,Spinella
14,amurnamed,6ahKGkfYb,amurnamed@elpais.com,7/8/1983,,Alane,Murname
15,mbloxame,4i0GpGlYDls,mbloxame@reverbnation.com,12/10/1983,,Marcello,Bloxam
16,rmilbornf,1BYN0OPky,rmilbornf@mozilla.org,7/12/2001,,Rowland,Milborn
17,tmcshaneg,WHxScNMaq5,tmcshaneg@cnbc.com,4/6/1995,,Tyrone,McShane
18,tbarnwillh,MzGAN7nS0EoI,tbarnwillh@oracle.com,3/19/1985,,Tracie,Barnwill
19,larnolli,GRMJmI,larnolli@discuz.net,3/1/2002,,Lion,Arnoll
20,cvaleroj,mkdQan6,cvaleroj@reddit.com,7/20/1981,,Corinne,Valero
